"Message",Low,"Starting .NET Native compilation"
"Message",Low,""
"Message",Low,""
"Message",Low,"Task ""Gatekeeper"""
"Message",Normal,"Launching 'C:\Program Files (x86)\Microsoft SDKs\UWPNuGetPackages\microsoft.net.native.compiler\1.7.3\tools\x86\ilc\Tools\Gatekeeper.exe @""W:\Workspace\RiderProjects\Invaders\Invaders.Uwp\obj\x86\Release\ilc\intermediate\gkargs.rsp""'"
"Message",Low,"Microsoft (R) .NET Native Gatekeeper Version 1.7.25927.00 "
"Message",Low,"Copyright (C) Microsoft Corporation.  All rights reserved. "
"Message",Low," "
"Message",Low,"Checking assembly 'W:\Workspace\RiderProjects\Invaders\Invaders.Uwp\obj\x86\Release\ilc\in\Invaders.Uwp.exe'. "
"Message",Normal,"'C:\Program Files (x86)\Microsoft SDKs\UWPNuGetPackages\microsoft.net.native.compiler\1.7.3\tools\x86\ilc\Tools\Gatekeeper.exe @""W:\Workspace\RiderProjects\Invaders\Invaders.Uwp\obj\x86\Release\ilc\intermediate\gkargs.rsp""' completed."
"Message",Normal,"Process execution statistics (all times in milliseconds)"
"Message",Normal,"-----------------------------------------------------------------------------"
"Message",Normal,"launch  |  start   |   stop   |   end    | duration | lifetime | [slot] name"
"Message",Normal,"-----------------------------------------------------------------------------"
"Message",Normal,"       0 |       31 |      453 |      453 |      422 |      453 | [0] Gatekeeper"
"Message",Normal,"Number of commands:      1"
"Message",Normal,"Total system time:       453 ms"
"Message",Normal,"System time per command: 453 ms"
"Message",Normal,"Total duration:          422 ms"
"Message",Normal,"Total lifetime:          453 ms"
"Message",Normal,"Requested DOP:           4"
"Message",Normal,"Duration DOP:            0.9"
"Message",Normal,"Lifetime DOP:            1.0"
"Message",Low,"Done executing task ""Gatekeeper""."
"Message",Low,"Done building target ""RunGatekeeper"" in file ""Preparation""."
"Message",Low,""
"Message",Low,"Task ""InjectWindowsRuntimeTypeForwards"""
"Message",Normal,"Running 'InjectWindowsRuntimeTypeForwards' transform, heap at 13 MB."
"Message",Normal,"Running 'WriteAssemblies' transform, heap at 17 MB."
"Message",Normal,""
"Message",Normal,"Transform summary"
"Message",Normal,"    ms | heap delta | name"
"Message",Normal,"   328 |          4 | InjectWindowsRuntimeTypeForwards"
"Message",Normal,"   244 |          2 | WriteAssemblies"
"Message",Low,"Done executing task ""InjectWindowsRuntimeTypeForwards""."
"Message",Low,"Done building target ""InjectWindowRuntimeTypeForwards"" in file ""Preparation""."
"Message",Low,""
"Message",Low,"Task ""PreResolveAssemblyClosure"""
"Message",Low,"Done executing task ""PreResolveAssemblyClosure""."
"Message",Low,"Task ""PreResolveTransforms"""
"Message",Normal,"Running 'ResolveSelfReferences' transform, heap at 27 MB."
"Message",Normal,"Running 'RemoveDuplicateMembers' transform, heap at 39 MB."
"Message",Normal,"Running 'PortableLib' transform, heap at 39 MB."
"Message",Normal,"Running 'WriteAssemblies' transform, heap at 39 MB."
"Message",Normal,""
"Message",Normal,"Transform summary"
"Message",Normal,"    ms | heap delta | name"
"Message",Normal,"   100 |         12 | ResolveSelfReferences"
"Message",Normal,"     0 |          0 | WriteAssemblies"
"Message",Normal,"     0 |          0 | PortableLib"
"Message",Normal,"     0 |          0 | RemoveDuplicateMembers"
"Message",Low,"Done executing task ""PreResolveTransforms""."
"Message",Low,"Done building target ""PreResolveTransforms"" in file ""Preparation""."
"Message",Low,""
"Message",Low,"Task ""InitialAssemblyClosure"""
"Message",Low,"Done executing task ""InitialAssemblyClosure""."
"Message",Low,"Task ""ResolveInitialReferencesAssemblyClosure1"""
"Message",Low,"Done executing task ""ResolveInitialReferencesAssemblyClosure1""."
"Message",Low,"Task ""ResolveInitialReferencesAssemblyClosure2"""
"Message",Low,"Done executing task ""ResolveInitialReferencesAssemblyClosure2""."
"Message",Low,"Done building target ""ResolveInitialReferences"" in file ""Preparation""."
"Message",Low,"Done building project ""Preparation""."
"Message",Low,""
"Message",Low,""
"Message",High,"Processing application code"
"Message",Low,"Task ""ValidateSimpleNames"""
"Message",Low,"Done executing task ""ValidateSimpleNames""."
"Message",Low,"Task ""McgContractsResolveFilePath"""
"Message",Low,"Done executing task ""McgContractsResolveFilePath""."
"Message",Low,"Task ""McgFacadeResolveFilePath"""
"Message",Low,"Done executing task ""McgFacadeResolveFilePath""."
"Message",Low,"Task ""FinalAssemblyClosureRootsResolveFilePaths"""
"Message",Low,"Done executing task ""FinalAssemblyClosureRootsResolveFilePaths""."
"Message",Low,"Task ""FinalAssemblyClosure"""
"Message",Low,"Done executing task ""FinalAssemblyClosure""."
"Message",Low,"Task ""RunILTransforms"""
"Message",Normal,"Running 'Analysis' transform, heap at 34 MB."
"Message",Low,"Loading 68 modules..."
"Message",Normal,"Imported reflection directives from 11 files:"
"Message",Normal,"W:\Workspace\RiderProjects\Invaders\Invaders.Uwp\obj\x86\Release\ilc\in\Properties\Default.rd.xml"
"Message",Normal,"Embedded manifest in System.Diagnostics.Tracing: Resources.System.Diagnostics.Tracing.rd.xml"
"Message",Normal,"Embedded manifest in System.Private.Reflection: System.Private.Reflection.rd.xml"
"Message",Normal,"Embedded manifest in System.Private.CoreLib: Resources.System.Private.CoreLib.rd.xml"
"Message",Normal,"Embedded manifest in System.Private.Uri: Resources.System.Private.Uri.rd.xml"
"Message",Normal,"Embedded manifest in System.Private.Reflection.Core: System.Private.Reflection.Core.rd.xml"
"Message",Normal,"Embedded manifest in System.Runtime.Serialization.Primitives: System.Runtime.Serialization.Primitives.Resources.System.Runtime.Serialization.Primitives.rd.xml"
"Message",Normal,"Embedded manifest in System.Private.DataContractSerialization: System.Private.DataContractSerialization.Resources.System.Private.DataContractSerialization.rd.xml"
"Message",Normal,"Embedded manifest in System.Xml.ReaderWriter: System.Xml.Resources.System.Xml.ReaderWriter.rd.xml"
"Message",Normal,"Embedded manifest in System.Xml.XmlSerializer: System.Xml.XmlSerializer.Resources.System.Xml.XmlSerializer.rd.xml"
"Message",Normal,"Embedded manifest in System.Private.Interop: Resources.System.Private.Interop.rd.xml"
"Message",Normal,"Imported XAML Roots from 1 files:"
"Message",Normal,"W:\Workspace\RiderProjects\Invaders\Invaders.Uwp\obj\x86\Release\ilc\in\Invaders.Uwp.xr.xml"
"Message",Normal,"Running 'Mcg' transform, heap at 201 MB."
"Message",High,"Computing application closure and generating interop code"
"Message",Normal,"  List of .lib files:"
"Message",Normal,"      WindowsApp.lib"
"Message",Normal,"      winsqlite3.lib"
"Message",Normal,"  List of .lib search paths:"
"Message",Normal,"      C:\Program Files (x86)\Windows Kits\10\lib\10.0.17134.0\um\x86"
"Message",Normal,"  Loading exports from libs..."
"Message",Normal,"      3181 exports read from 'C:\Program Files (x86)\Windows Kits\10\lib\10.0.17134.0\um\x86\WindowsApp.lib'."
"Message",Normal,"      243 exports read from 'C:\Program Files (x86)\Windows Kits\10\lib\10.0.17134.0\um\x86\winsqlite3.lib'."
"Message",High,"  Loading 68 modules..."
"Message",Normal,"          P/Invoke 'RhWaitForPendingFinalizers' with [DllImport(ExactSpelling=true)] resolved to '[MRT]!RhWaitForPendingFinalizers'."
"Message",Normal,"          P/Invoke 'RhYield' with [DllImport(ExactSpelling=true)] resolved to '[MRT]!RhYield'."
"Message",Normal,"          P/Invoke 'RhCompatibleReentrantWaitAny' with [DllImport(ExactSpelling=true)] resolved to '[MRT]!RhCompatibleReentrantWaitAny'."
"Message",Normal,"          P/Invoke '_ecvt_s' with [DllImport(ExactSpelling=true)] resolved to '[MRT]!_ecvt_s'."
"Message",Normal,"          P/Invoke 'memmove' with [DllImport(ExactSpelling=true)] resolved to '[MRT]!memmove'."
"Message",Normal,"          P/Invoke 'CallingConventionConverter_GetStubs' with [DllImport(ExactSpelling=true)] resolved to '*!CallingConventionConverter_GetStubs'."
"Message",Normal,"          P/Invoke 'GetLastError' resolved to 'api-ms-win-core-errorhandling-l1-1-0.dll!GetLastError' from 'C:\Program Files (x86)\Windows Kits\10\lib\10.0.17134.0\um\x86\WindowsApp.lib'."
"Message",Normal,"          P/Invoke 'RoInitialize' resolved to 'api-ms-win-core-winrt-l1-1-0.dll!RoInitialize' from 'C:\Program Files (x86)\Windows Kits\10\lib\10.0.17134.0\um\x86\WindowsApp.lib'."
"Message",Normal,"          P/Invoke 'IsValidLocaleName' resolved to 'api-ms-win-core-localization-l1-2-0.dll!IsValidLocaleName' from 'C:\Program Files (x86)\Windows Kits\10\lib\10.0.17134.0\um\x86\WindowsApp.lib'."
"Message",Normal,"          P/Invoke 'ResolveLocaleName' resolved to 'api-ms-win-core-localization-l1-2-0.dll!ResolveLocaleName' from 'C:\Program Files (x86)\Windows Kits\10\lib\10.0.17134.0\um\x86\WindowsApp.lib'."
"Message",Normal,"          P/Invoke 'GetCPInfoExW' resolved to 'api-ms-win-core-localization-l1-2-0.dll!GetCPInfoExW' from 'C:\Program Files (x86)\Windows Kits\10\lib\10.0.17134.0\um\x86\WindowsApp.lib'."
"Message",Normal,"          P/Invoke 'CoCreateInstance' with [DllImport(ExactSpelling=true)] resolved to 'api-ms-win-core-com-l1-1-0.dll!CoCreateInstance'."
"Message",Normal,"          P/Invoke '#6' resolved to 'oleaut32.dll!#6' from 'C:\Program Files (x86)\Windows Kits\10\lib\10.0.17134.0\um\x86\WindowsApp.lib'."
"Message",Normal,"          P/Invoke 'RoGetBufferMarshaler' resolved to 'api-ms-win-core-winrt-robuffer-l1-1-0.dll!RoGetBufferMarshaler' from 'C:\Program Files (x86)\Windows Kits\10\lib\10.0.17134.0\um\x86\WindowsApp.lib'."
"Message",High,"  Generating code..."
"Message",High,"  Interop code generated."
"Message",Normal,"  Written code to AssemblyInfo.g.cs"
"Message",Normal,"  Written code to Adapters.g.cs"
"Message",Normal,"  Written code to Data.g.cs"
"Message",Normal,"  Written code to Helpers.g.cs"
"Message",Normal,"  Written code to ImplTypes.g.cs"
"Message",Normal,"  Written code to PInvoke.g.cs"
"Message",Normal,"  Written code to SafeTypes.g.cs"
"Message",Normal,"  Written code to SharedStubs.g.cs"
"Message",Normal,"Running 'GenerateCodeAndCompile' transform, heap at 196 MB."
"Message",High,"Generating serialization code"
"Message",High,"Compiling interop code"
"Message",Normal,"Compiling generated source code: C:\Program Files (x86)\Microsoft SDKs\UWPNuGetPackages\microsoft.net.native.compiler\1.7.3\tools\x86\ilc\csc\csc.exe /noconfig @""W:\Workspace\RiderProjects\Invaders\Invaders.Uwp\obj\x86\Release\ilc\intermediate\Invaders.Uwp.McgInterop.rsp"""
"Message",Normal,"The type 'System.Net.Sockets.IPAddressExtensions' is found in more than one assembly."
"Message",Normal,"file:///W:/Workspace/RiderProjects/Invaders/Invaders.Uwp/obj/x86/Release/ilc/in/System.Net.NameResolution.dll"
"Message",Normal,"file:///W:/Workspace/RiderProjects/Invaders/Invaders.Uwp/obj/x86/Release/ilc/in/System.Net.Sockets.dll"
"Message",Normal,"The assembly 'System.Runtime.WindowsRuntime.dll' is found in more than one folder."
"Message",Normal,"file:///W:/Workspace/RiderProjects/Invaders/Invaders.Uwp/obj/x86/Release/ilc/intermediate/TransformedSRWR/System.Runtime.WindowsRuntime.dll"
"Message",Normal,"W:\Workspace\RiderProjects\Invaders\Invaders.Uwp\obj\x86\Release\ilc\in\System.Runtime.WindowsRuntime.dll"
"Message",Normal,"The assembly 'Invaders.Uwp.exe' is found in more than one folder."
"Message",Normal,"file:///W:/Workspace/RiderProjects/Invaders/Invaders.Uwp/obj/x86/Release/ilc/intermediate/PreMergeILTransformed/Invaders.Uwp.exe"
"Message",Normal,"W:\Workspace\RiderProjects\Invaders\Invaders.Uwp\obj\x86\Release\ilc\in\Invaders.Uwp.exe"
"Message",Normal,"The assembly 'Microsoft.CSharp.dll' is found in more than one folder."
"Message",Normal,"file:///W:/Workspace/RiderProjects/Invaders/Invaders.Uwp/obj/x86/Release/ilc/in/Microsoft.CSharp.dll"
"Message",Normal,"W:\Workspace\RiderProjects\Invaders\Invaders.Uwp\obj\x86\Release\ilc\in\Microsoft.CSharp.dll"
"Message",Normal,"The assembly 'Microsoft.VisualBasic.dll' is found in more than one folder."
"Message",Normal,"file:///W:/Workspace/RiderProjects/Invaders/Invaders.Uwp/obj/x86/Release/ilc/in/Microsoft.VisualBasic.dll"
"Message",Normal,"W:\Workspace\RiderProjects\Invaders\Invaders.Uwp\obj\x86\Release\ilc\in\Microsoft.VisualBasic.dll"
"Message",Normal,"The assembly 'Microsoft.Win32.Primitives.dll' is found in more than one folder."
"Message",Normal,"file:///W:/Workspace/RiderProjects/Invaders/Invaders.Uwp/obj/x86/Release/ilc/in/Microsoft.Win32.Primitives.dll"
"Message",Normal,"W:\Workspace\RiderProjects\Invaders\Invaders.Uwp\obj\x86\Release\ilc\in\Microsoft.Win32.Primitives.dll"
"Message",Normal,"The assembly 'mscorlib.dll' is found in more than one folder."
"Message",Normal,"file:///W:/Workspace/RiderProjects/Invaders/Invaders.Uwp/obj/x86/Release/ilc/in/mscorlib.dll"
"Message",Normal,"W:\Workspace\RiderProjects\Invaders\Invaders.Uwp\obj\x86\Release\ilc\in\mscorlib.dll"
"Message",Normal,"The assembly 'System.AppContext.dll' is found in more than one folder."
"Message",Normal,"file:///W:/Workspace/RiderProjects/Invaders/Invaders.Uwp/obj/x86/Release/ilc/in/System.AppContext.dll"
"Message",Normal,"W:\Workspace\RiderProjects\Invaders\Invaders.Uwp\obj\x86\Release\ilc\in\System.AppContext.dll"
"Message",Normal,"The assembly 'System.Buffers.dll' is found in more than one folder."
"Message",Normal,"file:///W:/Workspace/RiderProjects/Invaders/Invaders.Uwp/obj/x86/Release/ilc/in/System.Buffers.dll"
"Message",Normal,"W:\Workspace\RiderProjects\Invaders\Invaders.Uwp\obj\x86\Release\ilc\in\System.Buffers.dll"
"Message",Normal,"The assembly 'System.Collections.Concurrent.dll' is found in more than one folder."
"Message",Normal,"file:///W:/Workspace/RiderProjects/Invaders/Invaders.Uwp/obj/x86/Release/ilc/in/System.Collections.Concurrent.dll"
"Message",Normal,"W:\Workspace\RiderProjects\Invaders\Invaders.Uwp\obj\x86\Release\ilc\in\System.Collections.Concurrent.dll"
"Message",Normal,"The assembly 'System.Collections.dll' is found in more than one folder."
"Message",Normal,"file:///W:/Workspace/RiderProjects/Invaders/Invaders.Uwp/obj/x86/Release/ilc/in/System.Collections.dll"
"Message",Normal,"W:\Workspace\RiderProjects\Invaders\Invaders.Uwp\obj\x86\Release\ilc\in\System.Collections.dll"
"Message",Normal,"The assembly 'System.Collections.Immutable.dll' is found in more than one folder."
"Message",Normal,"file:///W:/Workspace/RiderProjects/Invaders/Invaders.Uwp/obj/x86/Release/ilc/in/System.Collections.Immutable.dll"
"Message",Normal,"W:\Workspace\RiderProjects\Invaders\Invaders.Uwp\obj\x86\Release\ilc\in\System.Collections.Immutable.dll"
"Message",Normal,"The assembly 'System.Collections.NonGeneric.dll' is found in more than one folder."
"Message",Normal,"file:///W:/Workspace/RiderProjects/Invaders/Invaders.Uwp/obj/x86/Release/ilc/in/System.Collections.NonGeneric.dll"
"Message",Normal,"W:\Workspace\RiderProjects\Invaders\Invaders.Uwp\obj\x86\Release\ilc\in\System.Collections.NonGeneric.dll"
"Message",Normal,"The assembly 'System.Collections.Specialized.dll' is found in more than one folder."
"Message",Normal,"file:///W:/Workspace/RiderProjects/Invaders/Invaders.Uwp/obj/x86/Release/ilc/in/System.Collections.Specialized.dll"
"Message",Normal,"W:\Workspace\RiderProjects\Invaders\Invaders.Uwp\obj\x86\Release\ilc\in\System.Collections.Specialized.dll"
"Message",Normal,"The assembly 'System.ComponentModel.Annotations.dll' is found in more than one folder."
"Message",Normal,"file:///W:/Workspace/RiderProjects/Invaders/Invaders.Uwp/obj/x86/Release/ilc/in/System.ComponentModel.Annotations.dll"
"Message",Normal,"W:\Workspace\RiderProjects\Invaders\Invaders.Uwp\obj\x86\Release\ilc\in\System.ComponentModel.Annotations.dll"
"Message",Normal,"The assembly 'System.ComponentModel.DataAnnotations.dll' is found in more than one folder."
"Message",Normal,"file:///W:/Workspace/RiderProjects/Invaders/Invaders.Uwp/obj/x86/Release/ilc/in/System.ComponentModel.DataAnnotations.dll"
"Message",Normal,"W:\Workspace\RiderProjects\Invaders\Invaders.Uwp\obj\x86\Release\ilc\in\System.ComponentModel.DataAnnotations.dll"
"Message",Normal,"The assembly 'System.ComponentModel.dll' is found in more than one folder."
"Message",Normal,"file:///W:/Workspace/RiderProjects/Invaders/Invaders.Uwp/obj/x86/Release/ilc/in/System.ComponentModel.dll"
"Message",Normal,"W:\Workspace\RiderProjects\Invaders\Invaders.Uwp\obj\x86\Release\ilc\in\System.ComponentModel.dll"
"Message",Normal,"The assembly 'System.ComponentModel.EventBasedAsync.dll' is found in more than one folder."
"Message",Normal,"file:///W:/Workspace/RiderProjects/Invaders/Invaders.Uwp/obj/x86/Release/ilc/in/System.ComponentModel.EventBasedAsync.dll"
"Message",Normal,"W:\Workspace\RiderProjects\Invaders\Invaders.Uwp\obj\x86\Release\ilc\in\System.ComponentModel.EventBasedAsync.dll"
"Message",Normal,"The assembly 'System.Core.dll' is found in more than one folder."
"Message",Normal,"file:///W:/Workspace/RiderProjects/Invaders/Invaders.Uwp/obj/x86/Release/ilc/in/System.Core.dll"
"Message",Normal,"W:\Workspace\RiderProjects\Invaders\Invaders.Uwp\obj\x86\Release\ilc\in\System.Core.dll"
"Message",Normal,"The assembly 'System.Data.Common.dll' is found in more than one folder."
"Message",Normal,"file:///W:/Workspace/RiderProjects/Invaders/Invaders.Uwp/obj/x86/Release/ilc/in/System.Data.Common.dll"
"Message",Normal,"W:\Workspace\RiderProjects\Invaders\Invaders.Uwp\obj\x86\Release\ilc\in\System.Data.Common.dll"
"Message",Normal,"The assembly 'System.Diagnostics.Contracts.dll' is found in more than one folder."
"Message",Normal,"file:///W:/Workspace/RiderProjects/Invaders/Invaders.Uwp/obj/x86/Release/ilc/in/System.Diagnostics.Contracts.dll"
"Message",Normal,"W:\Workspace\RiderProjects\Invaders\Invaders.Uwp\obj\x86\Release\ilc\in\System.Diagnostics.Contracts.dll"
"Message",Normal,"The assembly 'System.Diagnostics.Debug.dll' is found in more than one folder."
"Message",Normal,"file:///W:/Workspace/RiderProjects/Invaders/Invaders.Uwp/obj/x86/Release/ilc/in/System.Diagnostics.Debug.dll"
"Message",Normal,"W:\Workspace\RiderProjects\Invaders\Invaders.Uwp\obj\x86\Release\ilc\in\System.Diagnostics.Debug.dll"
"Message",Normal,"The assembly 'System.Diagnostics.DiagnosticSource.dll' is found in more than one folder."
"Message",Normal,"file:///W:/Workspace/RiderProjects/Invaders/Invaders.Uwp/obj/x86/Release/ilc/in/System.Diagnostics.DiagnosticSource.dll"
"Message",Normal,"W:\Workspace\RiderProjects\Invaders\Invaders.Uwp\obj\x86\Release\ilc\in\System.Diagnostics.DiagnosticSource.dll"
"Message",Normal,"The assembly 'System.Diagnostics.StackTrace.dll' is found in more than one folder."
"Message",Normal,"file:///W:/Workspace/RiderProjects/Invaders/Invaders.Uwp/obj/x86/Release/ilc/in/System.Diagnostics.StackTrace.dll"
"Message",Normal,"W:\Workspace\RiderProjects\Invaders\Invaders.Uwp\obj\x86\Release\ilc\in\System.Diagnostics.StackTrace.dll"
"Message",Normal,"The assembly 'System.Diagnostics.Tools.dll' is found in more than one folder."
"Message",Normal,"file:///W:/Workspace/RiderProjects/Invaders/Invaders.Uwp/obj/x86/Release/ilc/in/System.Diagnostics.Tools.dll"
"Message",Normal,"W:\Workspace\RiderProjects\Invaders\Invaders.Uwp\obj\x86\Release\ilc\in\System.Diagnostics.Tools.dll"
"Message",Normal,"The assembly 'System.Diagnostics.Tracing.dll' is found in more than one folder."
"Message",Normal,"file:///W:/Workspace/RiderProjects/Invaders/Invaders.Uwp/obj/x86/Release/ilc/in/System.Diagnostics.Tracing.dll"
"Message",Normal,"W:\Workspace\RiderProjects\Invaders\Invaders.Uwp\obj\x86\Release\ilc\in\System.Diagnostics.Tracing.dll"
"Message",Normal,"The assembly 'System.dll' is found in more than one folder."
"Message",Normal,"file:///W:/Workspace/RiderProjects/Invaders/Invaders.Uwp/obj/x86/Release/ilc/in/System.dll"
"Message",Normal,"W:\Workspace\RiderProjects\Invaders\Invaders.Uwp\obj\x86\Release\ilc\in\System.dll"
"Message",Normal,"The assembly 'System.Dynamic.Runtime.dll' is found in more than one folder."
"Message",Normal,"file:///W:/Workspace/RiderProjects/Invaders/Invaders.Uwp/obj/x86/Release/ilc/in/System.Dynamic.Runtime.dll"
"Message",Normal,"W:\Workspace\RiderProjects\Invaders\Invaders.Uwp\obj\x86\Release\ilc\in\System.Dynamic.Runtime.dll"
"Message",Normal,"The assembly 'System.Globalization.Calendars.dll' is found in more than one folder."
"Message",Normal,"file:///W:/Workspace/RiderProjects/Invaders/Invaders.Uwp/obj/x86/Release/ilc/in/System.Globalization.Calendars.dll"
"Message",Normal,"W:\Workspace\RiderProjects\Invaders\Invaders.Uwp\obj\x86\Release\ilc\in\System.Globalization.Calendars.dll"
"Message",Normal,"The assembly 'System.Globalization.dll' is found in more than one folder."
"Message",Normal,"file:///W:/Workspace/RiderProjects/Invaders/Invaders.Uwp/obj/x86/Release/ilc/in/System.Globalization.dll"
"Message",Normal,"W:\Workspace\RiderProjects\Invaders\Invaders.Uwp\obj\x86\Release\ilc\in\System.Globalization.dll"
"Message",Normal,"The assembly 'System.Globalization.Extensions.dll' is found in more than one folder."
"Message",Normal,"file:///W:/Workspace/RiderProjects/Invaders/Invaders.Uwp/obj/x86/Release/ilc/in/System.Globalization.Extensions.dll"
"Message",Normal,"W:\Workspace\RiderProjects\Invaders\Invaders.Uwp\obj\x86\Release\ilc\in\System.Globalization.Extensions.dll"
"Message",Normal,"The assembly 'System.IO.Compression.dll' is found in more than one folder."
"Message",Normal,"file:///W:/Workspace/RiderProjects/Invaders/Invaders.Uwp/obj/x86/Release/ilc/in/System.IO.Compression.dll"
"Message",Normal,"W:\Workspace\RiderProjects\Invaders\Invaders.Uwp\obj\x86\Release\ilc\in\System.IO.Compression.dll"
"Message",Normal,"The assembly 'System.IO.Compression.ZipFile.dll' is found in more than one folder."
"Message",Normal,"file:///W:/Workspace/RiderProjects/Invaders/Invaders.Uwp/obj/x86/Release/ilc/in/System.IO.Compression.ZipFile.dll"
"Message",Normal,"W:\Workspace\RiderProjects\Invaders\Invaders.Uwp\obj\x86\Release\ilc\in\System.IO.Compression.ZipFile.dll"
"Message",Normal,"The assembly 'System.IO.dll' is found in more than one folder."
"Message",Normal,"file:///W:/Workspace/RiderProjects/Invaders/Invaders.Uwp/obj/x86/Release/ilc/in/System.IO.dll"
"Message",Normal,"W:\Workspace\RiderProjects\Invaders\Invaders.Uwp\obj\x86\Release\ilc\in\System.IO.dll"
"Message",Normal,"The assembly 'System.IO.FileSystem.dll' is found in more than one folder."
"Message",Normal,"file:///W:/Workspace/RiderProjects/Invaders/Invaders.Uwp/obj/x86/Release/ilc/in/System.IO.FileSystem.dll"
"Message",Normal,"W:\Workspace\RiderProjects\Invaders\Invaders.Uwp\obj\x86\Release\ilc\in\System.IO.FileSystem.dll"
"Message",Normal,"The assembly 'System.IO.FileSystem.Primitives.dll' is found in more than one folder."
"Message",Normal,"file:///W:/Workspace/RiderProjects/Invaders/Invaders.Uwp/obj/x86/Release/ilc/in/System.IO.FileSystem.Primitives.dll"
"Message",Normal,"W:\Workspace\RiderProjects\Invaders\Invaders.Uwp\obj\x86\Release\ilc\in\System.IO.FileSystem.Primitives.dll"
"Message",Normal,"The assembly 'System.IO.IsolatedStorage.dll' is found in more than one folder."
"Message",Normal,"file:///W:/Workspace/RiderProjects/Invaders/Invaders.Uwp/obj/x86/Release/ilc/in/System.IO.IsolatedStorage.dll"
"Message",Normal,"W:\Workspace\RiderProjects\Invaders\Invaders.Uwp\obj\x86\Release\ilc\in\System.IO.IsolatedStorage.dll"
"Message",Normal,"The assembly 'System.IO.UnmanagedMemoryStream.dll' is found in more than one folder."
"Message",Normal,"file:///W:/Workspace/RiderProjects/Invaders/Invaders.Uwp/obj/x86/Release/ilc/in/System.IO.UnmanagedMemoryStream.dll"
"Message",Normal,"W:\Workspace\RiderProjects\Invaders\Invaders.Uwp\obj\x86\Release\ilc\in\System.IO.UnmanagedMemoryStream.dll"
"Message",Normal,"The assembly 'System.Linq.dll' is found in more than one folder."
"Message",Normal,"file:///W:/Workspace/RiderProjects/Invaders/Invaders.Uwp/obj/x86/Release/ilc/in/System.Linq.dll"
"Message",Normal,"W:\Workspace\RiderProjects\Invaders\Invaders.Uwp\obj\x86\Release\ilc\in\System.Linq.dll"
"Message",Normal,"The assembly 'System.Linq.Expressions.dll' is found in more than one folder."
"Message",Normal,"file:///W:/Workspace/RiderProjects/Invaders/Invaders.Uwp/obj/x86/Release/ilc/in/System.Linq.Expressions.dll"
"Message",Normal,"W:\Workspace\RiderProjects\Invaders\Invaders.Uwp\obj\x86\Release\ilc\in\System.Linq.Expressions.dll"
"Message",Normal,"The assembly 'System.Linq.Parallel.dll' is found in more than one folder."
"Message",Normal,"file:///W:/Workspace/RiderProjects/Invaders/Invaders.Uwp/obj/x86/Release/ilc/in/System.Linq.Parallel.dll"
"Message",Normal,"W:\Workspace\RiderProjects\Invaders\Invaders.Uwp\obj\x86\Release\ilc\in\System.Linq.Parallel.dll"
"Message",Normal,"The assembly 'System.Linq.Queryable.dll' is found in more than one folder."
"Message",Normal,"file:///W:/Workspace/RiderProjects/Invaders/Invaders.Uwp/obj/x86/Release/ilc/in/System.Linq.Queryable.dll"
"Message",Normal,"W:\Workspace\RiderProjects\Invaders\Invaders.Uwp\obj\x86\Release\ilc\in\System.Linq.Queryable.dll"
"Message",Normal,"The assembly 'System.Net.dll' is found in more than one folder."
"Message",Normal,"file:///W:/Workspace/RiderProjects/Invaders/Invaders.Uwp/obj/x86/Release/ilc/in/System.Net.dll"
"Message",Normal,"W:\Workspace\RiderProjects\Invaders\Invaders.Uwp\obj\x86\Release\ilc\in\System.Net.dll"
"Message",Normal,"The assembly 'System.Net.Http.dll' is found in more than one folder."
"Message",Normal,"file:///W:/Workspace/RiderProjects/Invaders/Invaders.Uwp/obj/x86/Release/ilc/in/System.Net.Http.dll"
"Message",Normal,"W:\Workspace\RiderProjects\Invaders\Invaders.Uwp\obj\x86\Release\ilc\in\System.Net.Http.dll"
"Message",Normal,"The assembly 'System.Net.Http.Rtc.dll' is found in more than one folder."
"Message",Normal,"file:///W:/Workspace/RiderProjects/Invaders/Invaders.Uwp/obj/x86/Release/ilc/in/System.Net.Http.Rtc.dll"
"Message",Normal,"W:\Workspace\RiderProjects\Invaders\Invaders.Uwp\obj\x86\Release\ilc\in\System.Net.Http.Rtc.dll"
"Message",Normal,"The assembly 'System.Net.NameResolution.dll' is found in more than one folder."
"Message",Normal,"file:///W:/Workspace/RiderProjects/Invaders/Invaders.Uwp/obj/x86/Release/ilc/in/System.Net.NameResolution.dll"
"Message",Normal,"W:\Workspace\RiderProjects\Invaders\Invaders.Uwp\obj\x86\Release\ilc\in\System.Net.NameResolution.dll"
"Message",Normal,"The assembly 'System.Net.NetworkInformation.dll' is found in more than one folder."
"Message",Normal,"file:///W:/Workspace/RiderProjects/Invaders/Invaders.Uwp/obj/x86/Release/ilc/in/System.Net.NetworkInformation.dll"
"Message",Normal,"W:\Workspace\RiderProjects\Invaders\Invaders.Uwp\obj\x86\Release\ilc\in\System.Net.NetworkInformation.dll"
"Message",Normal,"The assembly 'System.Net.Primitives.dll' is found in more than one folder."
"Message",Normal,"file:///W:/Workspace/RiderProjects/Invaders/Invaders.Uwp/obj/x86/Release/ilc/in/System.Net.Primitives.dll"
"Message",Normal,"W:\Workspace\RiderProjects\Invaders\Invaders.Uwp\obj\x86\Release\ilc\in\System.Net.Primitives.dll"
"Message",Normal,"The assembly 'System.Net.Requests.dll' is found in more than one folder."
"Message",Normal,"file:///W:/Workspace/RiderProjects/Invaders/Invaders.Uwp/obj/x86/Release/ilc/in/System.Net.Requests.dll"
"Message",Normal,"W:\Workspace\RiderProjects\Invaders\Invaders.Uwp\obj\x86\Release\ilc\in\System.Net.Requests.dll"
"Message",Normal,"The assembly 'System.Net.Sockets.dll' is found in more than one folder."
"Message",Normal,"file:///W:/Workspace/RiderProjects/Invaders/Invaders.Uwp/obj/x86/Release/ilc/in/System.Net.Sockets.dll"
"Message",Normal,"W:\Workspace\RiderProjects\Invaders\Invaders.Uwp\obj\x86\Release\ilc\in\System.Net.Sockets.dll"
"Message",Normal,"The assembly 'System.Net.WebHeaderCollection.dll' is found in more than one folder."
"Message",Normal,"file:///W:/Workspace/RiderProjects/Invaders/Invaders.Uwp/obj/x86/Release/ilc/in/System.Net.WebHeaderCollection.dll"
"Message",Normal,"W:\Workspace\RiderProjects\Invaders\Invaders.Uwp\obj\x86\Release\ilc\in\System.Net.WebHeaderCollection.dll"
"Message",Normal,"The assembly 'System.Net.WebSockets.Client.dll' is found in more than one folder."
"Message",Normal,"file:///W:/Workspace/RiderProjects/Invaders/Invaders.Uwp/obj/x86/Release/ilc/in/System.Net.WebSockets.Client.dll"
"Message",Normal,"W:\Workspace\RiderProjects\Invaders\Invaders.Uwp\obj\x86\Release\ilc\in\System.Net.WebSockets.Client.dll"
"Message",Normal,"The assembly 'System.Net.WebSockets.dll' is found in more than one folder."
"Message",Normal,"file:///W:/Workspace/RiderProjects/Invaders/Invaders.Uwp/obj/x86/Release/ilc/in/System.Net.WebSockets.dll"
"Message",Normal,"W:\Workspace\RiderProjects\Invaders\Invaders.Uwp\obj\x86\Release\ilc\in\System.Net.WebSockets.dll"
"Message",Normal,"The assembly 'System.Numerics.dll' is found in more than one folder."
"Message",Normal,"file:///W:/Workspace/RiderProjects/Invaders/Invaders.Uwp/obj/x86/Release/ilc/in/System.Numerics.dll"
"Message",Normal,"W:\Workspace\RiderProjects\Invaders\Invaders.Uwp\obj\x86\Release\ilc\in\System.Numerics.dll"
"Message",Normal,"The assembly 'System.Numerics.Vectors.dll' is found in more than one folder."
"Message",Normal,"file:///W:/Workspace/RiderProjects/Invaders/Invaders.Uwp/obj/x86/Release/ilc/in/System.Numerics.Vectors.dll"
"Message",Normal,"W:\Workspace\RiderProjects\Invaders\Invaders.Uwp\obj\x86\Release\ilc\in\System.Numerics.Vectors.dll"
"Message",Normal,"The assembly 'System.Numerics.Vectors.WindowsRuntime.dll' is found in more than one folder."
"Message",Normal,"file:///W:/Workspace/RiderProjects/Invaders/Invaders.Uwp/obj/x86/Release/ilc/in/System.Numerics.Vectors.WindowsRuntime.dll"
"Message",Normal,"W:\Workspace\RiderProjects\Invaders\Invaders.Uwp\obj\x86\Release\ilc\in\System.Numerics.Vectors.WindowsRuntime.dll"
"Message",Normal,"The assembly 'System.ObjectModel.dll' is found in more than one folder."
"Message",Normal,"file:///W:/Workspace/RiderProjects/Invaders/Invaders.Uwp/obj/x86/Release/ilc/in/System.ObjectModel.dll"
"Message",Normal,"W:\Workspace\RiderProjects\Invaders\Invaders.Uwp\obj\x86\Release\ilc\in\System.ObjectModel.dll"
"Message",Normal,"The assembly 'System.Private.DataContractSerialization.dll' is found in more than one folder."
"Message",Normal,"file:///W:/Workspace/RiderProjects/Invaders/Invaders.Uwp/obj/x86/Release/ilc/in/System.Private.DataContractSerialization.dll"
"Message",Normal,"W:\Workspace\RiderProjects\Invaders\Invaders.Uwp\obj\x86\Release\ilc\in\System.Private.DataContractSerialization.dll"
"Message",Normal,"The assembly 'System.Private.ServiceModel.dll' is found in more than one folder."
"Message",Normal,"file:///W:/Workspace/RiderProjects/Invaders/Invaders.Uwp/obj/x86/Release/ilc/in/System.Private.ServiceModel.dll"
"Message",Normal,"W:\Workspace\RiderProjects\Invaders\Invaders.Uwp\obj\x86\Release\ilc\in\System.Private.ServiceModel.dll"
"Message",Normal,"The assembly 'System.Private.Uri.dll' is found in more than one folder."
"Message",Normal,"file:///W:/Workspace/RiderProjects/Invaders/Invaders.Uwp/obj/x86/Release/ilc/in/System.Private.Uri.dll"
"Message",Normal,"W:\Workspace\RiderProjects\Invaders\Invaders.Uwp\obj\x86\Release\ilc\in\System.Private.Uri.dll"
"Message",Normal,"The assembly 'System.Reflection.Context.dll' is found in more than one folder."
"Message",Normal,"file:///W:/Workspace/RiderProjects/Invaders/Invaders.Uwp/obj/x86/Release/ilc/in/System.Reflection.Context.dll"
"Message",Normal,"W:\Workspace\RiderProjects\Invaders\Invaders.Uwp\obj\x86\Release\ilc\in\System.Reflection.Context.dll"
"Message",Normal,"The assembly 'System.Reflection.DispatchProxy.dll' is found in more than one folder."
"Message",Normal,"file:///W:/Workspace/RiderProjects/Invaders/Invaders.Uwp/obj/x86/Release/ilc/in/System.Reflection.DispatchProxy.dll"
"Message",Normal,"W:\Workspace\RiderProjects\Invaders\Invaders.Uwp\obj\x86\Release\ilc\in\System.Reflection.DispatchProxy.dll"
"Message",Normal,"The assembly 'System.Reflection.dll' is found in more than one folder."
"Message",Normal,"file:///W:/Workspace/RiderProjects/Invaders/Invaders.Uwp/obj/x86/Release/ilc/in/System.Reflection.dll"
"Message",Normal,"W:\Workspace\RiderProjects\Invaders\Invaders.Uwp\obj\x86\Release\ilc\in\System.Reflection.dll"
"Message",Normal,"The assembly 'System.Reflection.Emit.dll' is found in more than one folder."
"Message",Normal,"file:///W:/Workspace/RiderProjects/Invaders/Invaders.Uwp/obj/x86/Release/ilc/in/System.Reflection.Emit.dll"
"Message",Normal,"W:\Workspace\RiderProjects\Invaders\Invaders.Uwp\obj\x86\Release\ilc\in\System.Reflection.Emit.dll"
"Message",Normal,"The assembly 'System.Reflection.Extensions.dll' is found in more than one folder."
"Message",Normal,"file:///W:/Workspace/RiderProjects/Invaders/Invaders.Uwp/obj/x86/Release/ilc/in/System.Reflection.Extensions.dll"
"Message",Normal,"W:\Workspace\RiderProjects\Invaders\Invaders.Uwp\obj\x86\Release\ilc\in\System.Reflection.Extensions.dll"
"Message",Normal,"The assembly 'System.Reflection.Metadata.dll' is found in more than one folder."
"Message",Normal,"file:///W:/Workspace/RiderProjects/Invaders/Invaders.Uwp/obj/x86/Release/ilc/in/System.Reflection.Metadata.dll"
"Message",Normal,"W:\Workspace\RiderProjects\Invaders\Invaders.Uwp\obj\x86\Release\ilc\in\System.Reflection.Metadata.dll"
"Message",Normal,"The assembly 'System.Reflection.Primitives.dll' is found in more than one folder."
"Message",Normal,"file:///W:/Workspace/RiderProjects/Invaders/Invaders.Uwp/obj/x86/Release/ilc/in/System.Reflection.Primitives.dll"
"Message",Normal,"W:\Workspace\RiderProjects\Invaders\Invaders.Uwp\obj\x86\Release\ilc\in\System.Reflection.Primitives.dll"
"Message",Normal,"The assembly 'System.Reflection.TypeExtensions.dll' is found in more than one folder."
"Message",Normal,"file:///W:/Workspace/RiderProjects/Invaders/Invaders.Uwp/obj/x86/Release/ilc/in/System.Reflection.TypeExtensions.dll"
"Message",Normal,"W:\Workspace\RiderProjects\Invaders\Invaders.Uwp\obj\x86\Release\ilc\in\System.Reflection.TypeExtensions.dll"
"Message",Normal,"The assembly 'System.Resources.ResourceManager.dll' is found in more than one folder."
"Message",Normal,"file:///W:/Workspace/RiderProjects/Invaders/Invaders.Uwp/obj/x86/Release/ilc/in/System.Resources.ResourceManager.dll"
"Message",Normal,"W:\Workspace\RiderProjects\Invaders\Invaders.Uwp\obj\x86\Release\ilc\in\System.Resources.ResourceManager.dll"
"Message",Normal,"The assembly 'System.Runtime.dll' is found in more than one folder."
"Message",Normal,"file:///W:/Workspace/RiderProjects/Invaders/Invaders.Uwp/obj/x86/Release/ilc/in/System.Runtime.dll"
"Message",Normal,"W:\Workspace\RiderProjects\Invaders\Invaders.Uwp\obj\x86\Release\ilc\in\System.Runtime.dll"
"Message",Normal,"The assembly 'System.Runtime.Extensions.dll' is found in more than one folder."
"Message",Normal,"file:///W:/Workspace/RiderProjects/Invaders/Invaders.Uwp/obj/x86/Release/ilc/in/System.Runtime.Extensions.dll"
"Message",Normal,"W:\Workspace\RiderProjects\Invaders\Invaders.Uwp\obj\x86\Release\ilc\in\System.Runtime.Extensions.dll"
"Message",Normal,"The assembly 'System.Runtime.Handles.dll' is found in more than one folder."
"Message",Normal,"file:///W:/Workspace/RiderProjects/Invaders/Invaders.Uwp/obj/x86/Release/ilc/in/System.Runtime.Handles.dll"
"Message",Normal,"W:\Workspace\RiderProjects\Invaders\Invaders.Uwp\obj\x86\Release\ilc\in\System.Runtime.Handles.dll"
"Message",Normal,"The assembly 'System.Runtime.InteropServices.dll' is found in more than one folder."
"Message",Normal,"file:///W:/Workspace/RiderProjects/Invaders/Invaders.Uwp/obj/x86/Release/ilc/in/System.Runtime.InteropServices.dll"
"Message",Normal,"W:\Workspace\RiderProjects\Invaders\Invaders.Uwp\obj\x86\Release\ilc\in\System.Runtime.InteropServices.dll"
"Message",Normal,"The assembly 'System.Runtime.InteropServices.WindowsRuntime.dll' is found in more than one folder."
"Message",Normal,"file:///W:/Workspace/RiderProjects/Invaders/Invaders.Uwp/obj/x86/Release/ilc/in/System.Runtime.InteropServices.WindowsRuntime.dll"
"Message",Normal,"W:\Workspace\RiderProjects\Invaders\Invaders.Uwp\obj\x86\Release\ilc\in\System.Runtime.InteropServices.WindowsRuntime.dll"
"Message",Normal,"The assembly 'System.Runtime.Numerics.dll' is found in more than one folder."
"Message",Normal,"file:///W:/Workspace/RiderProjects/Invaders/Invaders.Uwp/obj/x86/Release/ilc/in/System.Runtime.Numerics.dll"
"Message",Normal,"W:\Workspace\RiderProjects\Invaders\Invaders.Uwp\obj\x86\Release\ilc\in\System.Runtime.Numerics.dll"
"Message",Normal,"The assembly 'System.Runtime.Serialization.dll' is found in more than one folder."
"Message",Normal,"file:///W:/Workspace/RiderProjects/Invaders/Invaders.Uwp/obj/x86/Release/ilc/in/System.Runtime.Serialization.dll"
"Message",Normal,"W:\Workspace\RiderProjects\Invaders\Invaders.Uwp\obj\x86\Release\ilc\in\System.Runtime.Serialization.dll"
"Message",Normal,"The assembly 'System.Runtime.Serialization.Json.dll' is found in more than one folder."
"Message",Normal,"file:///W:/Workspace/RiderProjects/Invaders/Invaders.Uwp/obj/x86/Release/ilc/in/System.Runtime.Serialization.Json.dll"
"Message",Normal,"W:\Workspace\RiderProjects\Invaders\Invaders.Uwp\obj\x86\Release\ilc\in\System.Runtime.Serialization.Json.dll"
"Message",Normal,"The assembly 'System.Runtime.Serialization.Primitives.dll' is found in more than one folder."
"Message",Normal,"file:///W:/Workspace/RiderProjects/Invaders/Invaders.Uwp/obj/x86/Release/ilc/in/System.Runtime.Serialization.Primitives.dll"
"Message",Normal,"W:\Workspace\RiderProjects\Invaders\Invaders.Uwp\obj\x86\Release\ilc\in\System.Runtime.Serialization.Primitives.dll"
"Message",Normal,"The assembly 'System.Runtime.Serialization.Xml.dll' is found in more than one folder."
"Message",Normal,"file:///W:/Workspace/RiderProjects/Invaders/Invaders.Uwp/obj/x86/Release/ilc/in/System.Runtime.Serialization.Xml.dll"
"Message",Normal,"W:\Workspace\RiderProjects\Invaders\Invaders.Uwp\obj\x86\Release\ilc\in\System.Runtime.Serialization.Xml.dll"
"Message",Normal,"The assembly 'System.Runtime.WindowsRuntime.dll' is found in more than one folder."
"Message",Normal,"file:///W:/Workspace/RiderProjects/Invaders/Invaders.Uwp/obj/x86/Release/ilc/intermediate/TransformedSRWR/System.Runtime.WindowsRuntime.dll"
"Message",Normal,"W:\Workspace\RiderProjects\Invaders\Invaders.Uwp\obj\x86\Release\ilc\in\System.Runtime.WindowsRuntime.dll"
"Message",Normal,"The assembly 'System.Runtime.WindowsRuntime.UI.Xaml.dll' is found in more than one folder."
"Message",Normal,"file:///W:/Workspace/RiderProjects/Invaders/Invaders.Uwp/obj/x86/Release/ilc/in/System.Runtime.WindowsRuntime.UI.Xaml.dll"
"Message",Normal,"W:\Workspace\RiderProjects\Invaders\Invaders.Uwp\obj\x86\Release\ilc\in\System.Runtime.WindowsRuntime.UI.Xaml.dll"
"Message",Normal,"The assembly 'System.Security.Claims.dll' is found in more than one folder."
"Message",Normal,"file:///W:/Workspace/RiderProjects/Invaders/Invaders.Uwp/obj/x86/Release/ilc/in/System.Security.Claims.dll"
"Message",Normal,"W:\Workspace\RiderProjects\Invaders\Invaders.Uwp\obj\x86\Release\ilc\in\System.Security.Claims.dll"
"Message",Normal,"The assembly 'System.Security.Cryptography.Algorithms.dll' is found in more than one folder."
"Message",Normal,"file:///W:/Workspace/RiderProjects/Invaders/Invaders.Uwp/obj/x86/Release/ilc/in/System.Security.Cryptography.Algorithms.dll"
"Message",Normal,"W:\Workspace\RiderProjects\Invaders\Invaders.Uwp\obj\x86\Release\ilc\in\System.Security.Cryptography.Algorithms.dll"
"Message",Normal,"The assembly 'System.Security.Cryptography.Cng.dll' is found in more than one folder."
"Message",Normal,"file:///W:/Workspace/RiderProjects/Invaders/Invaders.Uwp/obj/x86/Release/ilc/in/System.Security.Cryptography.Cng.dll"
"Message",Normal,"W:\Workspace\RiderProjects\Invaders\Invaders.Uwp\obj\x86\Release\ilc\in\System.Security.Cryptography.Cng.dll"
"Message",Normal,"The assembly 'System.Security.Cryptography.Encoding.dll' is found in more than one folder."
"Message",Normal,"file:///W:/Workspace/RiderProjects/Invaders/Invaders.Uwp/obj/x86/Release/ilc/in/System.Security.Cryptography.Encoding.dll"
"Message",Normal,"W:\Workspace\RiderProjects\Invaders\Invaders.Uwp\obj\x86\Release\ilc\in\System.Security.Cryptography.Encoding.dll"
"Message",Normal,"The assembly 'System.Security.Cryptography.Primitives.dll' is found in more than one folder."
"Message",Normal,"file:///W:/Workspace/RiderProjects/Invaders/Invaders.Uwp/obj/x86/Release/ilc/in/System.Security.Cryptography.Primitives.dll"
"Message",Normal,"W:\Workspace\RiderProjects\Invaders\Invaders.Uwp\obj\x86\Release\ilc\in\System.Security.Cryptography.Primitives.dll"
"Message",Normal,"The assembly 'System.Security.Cryptography.X509Certificates.dll' is found in more than one folder."
"Message",Normal,"file:///W:/Workspace/RiderProjects/Invaders/Invaders.Uwp/obj/x86/Release/ilc/in/System.Security.Cryptography.X509Certificates.dll"
"Message",Normal,"W:\Workspace\RiderProjects\Invaders\Invaders.Uwp\obj\x86\Release\ilc\in\System.Security.Cryptography.X509Certificates.dll"
"Message",Normal,"The assembly 'System.Security.Principal.dll' is found in more than one folder."
"Message",Normal,"file:///W:/Workspace/RiderProjects/Invaders/Invaders.Uwp/obj/x86/Release/ilc/in/System.Security.Principal.dll"
"Message",Normal,"W:\Workspace\RiderProjects\Invaders\Invaders.Uwp\obj\x86\Release\ilc\in\System.Security.Principal.dll"
"Message",Normal,"The assembly 'System.ServiceModel.dll' is found in more than one folder."
"Message",Normal,"file:///W:/Workspace/RiderProjects/Invaders/Invaders.Uwp/obj/x86/Release/ilc/in/System.ServiceModel.dll"
"Message",Normal,"W:\Workspace\RiderProjects\Invaders\Invaders.Uwp\obj\x86\Release\ilc\in\System.ServiceModel.dll"
"Message",Normal,"The assembly 'System.ServiceModel.Duplex.dll' is found in more than one folder."
"Message",Normal,"file:///W:/Workspace/RiderProjects/Invaders/Invaders.Uwp/obj/x86/Release/ilc/in/System.ServiceModel.Duplex.dll"
"Message",Normal,"W:\Workspace\RiderProjects\Invaders\Invaders.Uwp\obj\x86\Release\ilc\in\System.ServiceModel.Duplex.dll"
"Message",Normal,"The assembly 'System.ServiceModel.Http.dll' is found in more than one folder."
"Message",Normal,"file:///W:/Workspace/RiderProjects/Invaders/Invaders.Uwp/obj/x86/Release/ilc/in/System.ServiceModel.Http.dll"
"Message",Normal,"W:\Workspace\RiderProjects\Invaders\Invaders.Uwp\obj\x86\Release\ilc\in\System.ServiceModel.Http.dll"
"Message",Normal,"The assembly 'System.ServiceModel.NetTcp.dll' is found in more than one folder."
"Message",Normal,"file:///W:/Workspace/RiderProjects/Invaders/Invaders.Uwp/obj/x86/Release/ilc/in/System.ServiceModel.NetTcp.dll"
"Message",Normal,"W:\Workspace\RiderProjects\Invaders\Invaders.Uwp\obj\x86\Release\ilc\in\System.ServiceModel.NetTcp.dll"
"Message",Normal,"The assembly 'System.ServiceModel.Primitives.dll' is found in more than one folder."
"Message",Normal,"file:///W:/Workspace/RiderProjects/Invaders/Invaders.Uwp/obj/x86/Release/ilc/in/System.ServiceModel.Primitives.dll"
"Message",Normal,"W:\Workspace\RiderProjects\Invaders\Invaders.Uwp\obj\x86\Release\ilc\in\System.ServiceModel.Primitives.dll"
"Message",Normal,"The assembly 'System.ServiceModel.Security.dll' is found in more than one folder."
"Message",Normal,"file:///W:/Workspace/RiderProjects/Invaders/Invaders.Uwp/obj/x86/Release/ilc/in/System.ServiceModel.Security.dll"
"Message",Normal,"W:\Workspace\RiderProjects\Invaders\Invaders.Uwp\obj\x86\Release\ilc\in\System.ServiceModel.Security.dll"
"Message",Normal,"The assembly 'System.ServiceModel.Web.dll' is found in more than one folder."
"Message",Normal,"file:///W:/Workspace/RiderProjects/Invaders/Invaders.Uwp/obj/x86/Release/ilc/in/System.ServiceModel.Web.dll"
"Message",Normal,"W:\Workspace\RiderProjects\Invaders\Invaders.Uwp\obj\x86\Release\ilc\in\System.ServiceModel.Web.dll"
"Message",Normal,"The assembly 'System.Text.Encoding.CodePages.dll' is found in more than one folder."
"Message",Normal,"file:///W:/Workspace/RiderProjects/Invaders/Invaders.Uwp/obj/x86/Release/ilc/in/System.Text.Encoding.CodePages.dll"
"Message",Normal,"W:\Workspace\RiderProjects\Invaders\Invaders.Uwp\obj\x86\Release\ilc\in\System.Text.Encoding.CodePages.dll"
"Message",Normal,"The assembly 'System.Text.Encoding.dll' is found in more than one folder."
"Message",Normal,"file:///W:/Workspace/RiderProjects/Invaders/Invaders.Uwp/obj/x86/Release/ilc/in/System.Text.Encoding.dll"
"Message",Normal,"W:\Workspace\RiderProjects\Invaders\Invaders.Uwp\obj\x86\Release\ilc\in\System.Text.Encoding.dll"
"Message",Normal,"The assembly 'System.Text.Encoding.Extensions.dll' is found in more than one folder."
"Message",Normal,"file:///W:/Workspace/RiderProjects/Invaders/Invaders.Uwp/obj/x86/Release/ilc/in/System.Text.Encoding.Extensions.dll"
"Message",Normal,"W:\Workspace\RiderProjects\Invaders\Invaders.Uwp\obj\x86\Release\ilc\in\System.Text.Encoding.Extensions.dll"
"Message",Normal,"The assembly 'System.Text.RegularExpressions.dll' is found in more than one folder."
"Message",Normal,"file:///W:/Workspace/RiderProjects/Invaders/Invaders.Uwp/obj/x86/Release/ilc/in/System.Text.RegularExpressions.dll"
"Message",Normal,"W:\Workspace\RiderProjects\Invaders\Invaders.Uwp\obj\x86\Release\ilc\in\System.Text.RegularExpressions.dll"
"Message",Normal,"The assembly 'System.Threading.dll' is found in more than one folder."
"Message",Normal,"file:///W:/Workspace/RiderProjects/Invaders/Invaders.Uwp/obj/x86/Release/ilc/in/System.Threading.dll"
"Message",Normal,"W:\Workspace\RiderProjects\Invaders\Invaders.Uwp\obj\x86\Release\ilc\in\System.Threading.dll"
"Message",Normal,"The assembly 'System.Threading.Overlapped.dll' is found in more than one folder."
"Message",Normal,"file:///W:/Workspace/RiderProjects/Invaders/Invaders.Uwp/obj/x86/Release/ilc/in/System.Threading.Overlapped.dll"
"Message",Normal,"W:\Workspace\RiderProjects\Invaders\Invaders.Uwp\obj\x86\Release\ilc\in\System.Threading.Overlapped.dll"
"Message",Normal,"The assembly 'System.Threading.Tasks.Dataflow.dll' is found in more than one folder."
"Message",Normal,"file:///W:/Workspace/RiderProjects/Invaders/Invaders.Uwp/obj/x86/Release/ilc/in/System.Threading.Tasks.Dataflow.dll"
"Message",Normal,"W:\Workspace\RiderProjects\Invaders\Invaders.Uwp\obj\x86\Release\ilc\in\System.Threading.Tasks.Dataflow.dll"
"Message",Normal,"The assembly 'System.Threading.Tasks.dll' is found in more than one folder."
"Message",Normal,"file:///W:/Workspace/RiderProjects/Invaders/Invaders.Uwp/obj/x86/Release/ilc/in/System.Threading.Tasks.dll"
"Message",Normal,"W:\Workspace\RiderProjects\Invaders\Invaders.Uwp\obj\x86\Release\ilc\in\System.Threading.Tasks.dll"
"Message",Normal,"The assembly 'System.Threading.Tasks.Extensions.dll' is found in more than one folder."
"Message",Normal,"file:///W:/Workspace/RiderProjects/Invaders/Invaders.Uwp/obj/x86/Release/ilc/in/System.Threading.Tasks.Extensions.dll"
"Message",Normal,"W:\Workspace\RiderProjects\Invaders\Invaders.Uwp\obj\x86\Release\ilc\in\System.Threading.Tasks.Extensions.dll"
"Message",Normal,"The assembly 'System.Threading.Tasks.Parallel.dll' is found in more than one folder."
"Message",Normal,"file:///W:/Workspace/RiderProjects/Invaders/Invaders.Uwp/obj/x86/Release/ilc/in/System.Threading.Tasks.Parallel.dll"
"Message",Normal,"W:\Workspace\RiderProjects\Invaders\Invaders.Uwp\obj\x86\Release\ilc\in\System.Threading.Tasks.Parallel.dll"
"Message",Normal,"The assembly 'System.Threading.Timer.dll' is found in more than one folder."
"Message",Normal,"file:///W:/Workspace/RiderProjects/Invaders/Invaders.Uwp/obj/x86/Release/ilc/in/System.Threading.Timer.dll"
"Message",Normal,"W:\Workspace\RiderProjects\Invaders\Invaders.Uwp\obj\x86\Release\ilc\in\System.Threading.Timer.dll"
"Message",Normal,"The assembly 'System.Windows.dll' is found in more than one folder."
"Message",Normal,"file:///W:/Workspace/RiderProjects/Invaders/Invaders.Uwp/obj/x86/Release/ilc/in/System.Windows.dll"
"Message",Normal,"W:\Workspace\RiderProjects\Invaders\Invaders.Uwp\obj\x86\Release\ilc\in\System.Windows.dll"
"Message",Normal,"The assembly 'System.Xml.dll' is found in more than one folder."
"Message",Normal,"file:///W:/Workspace/RiderProjects/Invaders/Invaders.Uwp/obj/x86/Release/ilc/in/System.Xml.dll"
"Message",Normal,"W:\Workspace\RiderProjects\Invaders\Invaders.Uwp\obj\x86\Release\ilc\in\System.Xml.dll"
"Message",Normal,"The assembly 'System.Xml.Linq.dll' is found in more than one folder."
"Message",Normal,"file:///W:/Workspace/RiderProjects/Invaders/Invaders.Uwp/obj/x86/Release/ilc/in/System.Xml.Linq.dll"
"Message",Normal,"W:\Workspace\RiderProjects\Invaders\Invaders.Uwp\obj\x86\Release\ilc\in\System.Xml.Linq.dll"
"Message",Normal,"The assembly 'System.Xml.ReaderWriter.dll' is found in more than one folder."
"Message",Normal,"file:///W:/Workspace/RiderProjects/Invaders/Invaders.Uwp/obj/x86/Release/ilc/in/System.Xml.ReaderWriter.dll"
"Message",Normal,"W:\Workspace\RiderProjects\Invaders\Invaders.Uwp\obj\x86\Release\ilc\in\System.Xml.ReaderWriter.dll"
"Message",Normal,"The assembly 'System.Xml.Serialization.dll' is found in more than one folder."
"Message",Normal,"file:///W:/Workspace/RiderProjects/Invaders/Invaders.Uwp/obj/x86/Release/ilc/in/System.Xml.Serialization.dll"
"Message",Normal,"W:\Workspace\RiderProjects\Invaders\Invaders.Uwp\obj\x86\Release\ilc\in\System.Xml.Serialization.dll"
"Message",Normal,"The assembly 'System.Xml.XDocument.dll' is found in more than one folder."
"Message",Normal,"file:///W:/Workspace/RiderProjects/Invaders/Invaders.Uwp/obj/x86/Release/ilc/in/System.Xml.XDocument.dll"
"Message",Normal,"W:\Workspace\RiderProjects\Invaders\Invaders.Uwp\obj\x86\Release\ilc\in\System.Xml.XDocument.dll"
"Message",Normal,"The assembly 'System.Xml.XmlDocument.dll' is found in more than one folder."
"Message",Normal,"file:///W:/Workspace/RiderProjects/Invaders/Invaders.Uwp/obj/x86/Release/ilc/in/System.Xml.XmlDocument.dll"
"Message",Normal,"W:\Workspace\RiderProjects\Invaders\Invaders.Uwp\obj\x86\Release\ilc\in\System.Xml.XmlDocument.dll"
"Message",Normal,"The assembly 'System.Xml.XmlSerializer.dll' is found in more than one folder."
"Message",Normal,"file:///W:/Workspace/RiderProjects/Invaders/Invaders.Uwp/obj/x86/Release/ilc/in/System.Xml.XmlSerializer.dll"
"Message",Normal,"W:\Workspace\RiderProjects\Invaders\Invaders.Uwp\obj\x86\Release\ilc\in\System.Xml.XmlSerializer.dll"
"Message",Normal,"The assembly 'Invaders.Uwp.exe' is found in more than one folder."
"Message",Normal,"file:///W:/Workspace/RiderProjects/Invaders/Invaders.Uwp/obj/x86/Release/ilc/intermediate/PreMergeILTransformed/Invaders.Uwp.exe"
"Message",Normal,"W:\Workspace\RiderProjects\Invaders\Invaders.Uwp\obj\x86\Release\ilc\in\Invaders.Uwp.exe"
"Message",Normal,"The type 'System.DBNull' is found in more than one assembly."
"Message",Normal,"file:///W:/Workspace/RiderProjects/Invaders/Invaders.Uwp/obj/x86/Release/ilc/in/System.Data.Common.dll"
"Message",Normal,"file:///C:/Program Files (x86)/Microsoft SDKs/UWPNuGetPackages/microsoft.net.native.compiler/1.7.3/tools/x86/ilc/lib/Private/System.Private.Reflection.Core.dll"
"Message",Normal,"The type 'System.Reflection.BindingFlags' is found in more than one assembly."
"Message",Normal,"file:///W:/Workspace/RiderProjects/Invaders/Invaders.Uwp/obj/x86/Release/ilc/in/System.Reflection.TypeExtensions.dll"
"Message",Normal,"file:///C:/Program Files (x86)/Microsoft SDKs/UWPNuGetPackages/microsoft.net.native.compiler/1.7.3/tools/x86/ilc/lib/Private/System.Private.Reflection.dll"
"Message",High,"Generating System.Reflection.DispatchProxy proxy code."
"Message",Normal,"Running 'DumpNativeResources' transform, heap at 196 MB."
"Message",Normal,"Running 'ReducedCopyInitialize' transform, heap at 197 MB."
"Message",Normal,"Running 'ReducedCopyEmptyTypes' transform, heap at 219 MB."
"Message",Normal,"Running 'ReducedCopyPopulateTypes' transform, heap at 222 MB."
"Message",Normal,"Running 'ReducedCopyLateMetadata' transform, heap at 148 MB."
"Message",Normal,"Running 'ReducedCopyMethodBodies' transform, heap at 137 MB."
"Message",Normal,"Running 'ReducedCopyComplete' transform, heap at 165 MB."
"Message",Normal,"Running 'ReducedCopyCleanup' transform, heap at 183 MB."
"Message",Normal,"Running 'DeveloperExperienceModeOnlyCodeRemover' transform, heap at 183 MB."
"Message",Normal,"Running 'ComImportDetector' transform, heap at 189 MB."
"Message",Normal,"Running 'McgAccessor' transform, heap at 189 MB."
"Message",Normal,"Running 'McgRedirect' transform, heap at 190 MB."
"Message",Normal,"Running 'McgRedirect' transform, heap at 192 MB."
"Message",Normal,"Running 'McgTypeOf' transform, heap at 193 MB."
"Message",Normal,"Running 'ExceptionMiniaturizer' transform, heap at 198 MB."
"Message",Normal,"Running 'EventSource' transform, heap at 206 MB."
"Message",Normal,"Running 'ValueType' transform, heap at 206 MB."
"Message",Normal,"Running 'Attribute' transform, heap at 206 MB."
"Message",Normal,"Running 'GetType' transform, heap at 207 MB."
"Message",Normal,"Running 'McgFixups' transform, heap at 207 MB."
"Message",Normal,"Running 'ResourceManagerCtor' transform, heap at 208 MB."
"Message",Normal,"Running 'TypeofTypeHandle' transform, heap at 208 MB."
"Message",Normal,"Running 'DispatchProxyIntrinsics' transform, heap at 211 MB."
"Message",Normal,"Running 'StaticInitData' transform, heap at 211 MB."
"Message",Normal,"Running 'StartupCodeInjector' transform, heap at 220 MB."
"Message",Normal,"Running 'InjectAppContextSwitches' transform, heap at 220 MB."
"Message",Normal,"Running 'ImplementLibraryDynamicInvokeHelpers' transform, heap at 220 MB."
"Message",Normal,"Running 'Delegate' transform, heap at 220 MB."
"Message",Normal,"Running 'DelegateCtorCall' transform, heap at 227 MB."
"Message",Normal,"Running 'LazyGenerics' transform, heap at 227 MB."
"Message",Normal,"Running 'AddReflectionBlockedAttributes' transform, heap at 240 MB."
"Message",Normal,"Running 'DisableOptimization' transform, heap at 240 MB."
"Message",Normal,"Running 'CreateMetadata' transform, heap at 240 MB."
"Message",Normal,"Running 'SaveRVAStatics' transform, heap at 178 MB."
"Message",Normal,"Running 'ReflectionInvoke' transform, heap at 179 MB."
"Message",Normal,"Running 'ScrubOpenCalls' transform, heap at 179 MB."
"Message",Normal,"Running 'ConvertCatchIntoFilter' transform, heap at 180 MB."
"Message",Normal,"Running 'ReflectionMappingInfoEmit' transform, heap at 180 MB."
"Message",Normal,"Running 'ConvertManagedWinMD' transform, heap at 180 MB."
"Message",Normal,"Running 'Reducer' transform, heap at 180 MB."
"Message",High,"Cleaning up unreferenced code"
"Message",Normal,"Running 'WriteAssemblies' transform, heap at 258 MB."
"Message",Normal,""
"Message",Normal,"Transform summary"
"Message",Normal,"    ms | heap delta | name"
"Message",Normal,"  6828 |          0 | GenerateCodeAndCompile"
"Message",Normal,"  5342 |        167 | Analysis"
"Message",Normal,"  2048 |       -161 | WriteAssemblies"
"Message",Normal,"  1186 |         -5 | Mcg"
"Message",Normal,"   740 |         78 | Reducer"
"Message",Normal,"   536 |        -62 | CreateMetadata"
"Message",Normal,"   505 |         22 | ReducedCopyInitialize"
"Message",Normal,"   203 |         18 | ReducedCopyComplete"
"Message",Normal,"   201 |        -74 | ReducedCopyPopulateTypes"
"Message",Normal,"   159 |        -11 | ReducedCopyLateMetadata"
"Message",Normal,"   150 |          5 | McgTypeOf"
"Message",Normal,"   134 |         28 | ReducedCopyMethodBodies"
"Message",Normal,"    91 |          2 | McgRedirect"
"Message",Normal,"    74 |         13 | LazyGenerics"
"Message",Normal,"    61 |          9 | StaticInitData"
"Message",Normal,"    50 |          1 | McgRedirect"
"Message",Normal,"    31 |          8 | ExceptionMiniaturizer"
"Message",Normal,"    31 |          3 | TypeofTypeHandle"
"Message",Normal,"    24 |          7 | Delegate"
"Message",Normal,"    19 |          0 | DelegateCtorCall"
"Message",Normal,"    14 |          1 | McgAccessor"
"Message",Normal,"    13 |          1 | SaveRVAStatics"
"Message",Normal,"    12 |          3 | ReducedCopyEmptyTypes"
"Message",Normal,"    10 |          1 | DumpNativeResources"
"Message",Normal,"     8 |          1 | McgFixups"
"Message",Normal,"     7 |          0 | ReducedCopyCleanup"
"Message",Normal,"     7 |          0 | GetType"
"Message",Normal,"     7 |          6 | DeveloperExperienceModeOnlyCodeRemover"
"Message",Normal,"     6 |          0 | DispatchProxyIntrinsics"
"Message",Normal,"     5 |          1 | ScrubOpenCalls"
"Message",Normal,"     3 |          0 | ConvertCatchIntoFilter"
"Message",Normal,"     2 |          0 | StartupCodeInjector"
"Message",Normal,"     2 |          1 | Attribute"
"Message",Normal,"     1 |          0 | ReflectionInvoke"
"Message",Normal,"     1 |          0 | ValueType"
"Message",Normal,"     1 |          0 | EventSource"
"Message",Normal,"     1 |          0 | ReflectionMappingInfoEmit"
"Message",Normal,"     0 |          0 | ResourceManagerCtor"
"Message",Normal,"     0 |          0 | ConvertManagedWinMD"
"Message",Normal,"     0 |          0 | ImplementLibraryDynamicInvokeHelpers"
"Message",Normal,"     0 |          0 | InjectAppContextSwitches"
"Message",Normal,"     0 |          0 | AddReflectionBlockedAttributes"
"Message",Normal,"     0 |          0 | ComImportDetector"
"Message",Normal,"     0 |          0 | DisableOptimization"
"Message",Low,"Done executing task ""RunILTransforms""."
"Message",Low,"Done building target ""RunILTransforms"" in file ""ILTransforms""."
"Message",Low,"Done building project ""ILTransforms""."
"Message",Low,""
"Message",Low,""
"Message",Low,"Done building target ""GenerateMDIL"" in file ""Nutc""."
"Message",Low,""
"Message",High,"Generating native code"
"Message",Low,"Done building target ""MDILPrepareMultiFile"" in file ""Nutc""."
"Message",Low,""
"Message",Low,"Done building target ""SetBinaryForReferences"" in file ""Nutc""."
"Message",Low,""
"Message",Low,"Task ""GenerateMDILGlobalAnalysis"""
"Message",Normal,"Launching 'C:\Program Files (x86)\Microsoft SDKs\UWPNuGetPackages\microsoft.net.native.compiler\1.7.3\tools\x86\ilc\Tools\nutc_driver.exe @""W:\Workspace\RiderProjects\Invaders\Invaders.Uwp\obj\x86\Release\ilc\intermediate\MDIL\Invaders.Uwp.rsp""'"
"Message",Low,"Microsoft (R) MDIL Compiler - Version 1.7.25927.00"
"Message",Low,"Copyright (c) Microsoft Corporation.  All rights reserved."
"Message",Low,"Scanning input types"
"Message",Low,"Scanning 2019 methods."
"Message",Low,"Scanning 1478 methods."
"Message",Low,"Scanning 657 methods."
"Message",Low,"Scanning 492 methods."
"Message",Low,"Scanning 2412 methods."
"Message",Low,"Scanning 2000 methods."
"Message",Low,"Scanning 1380 methods."
"Message",Low,"Scanning 1128 methods."
"Message",Low,"Scanning 668 methods."
"Message",Low,"Scanning 277 methods."
"Message",Low,"Scanning 146 methods."
"Message",Low,"Scanning 78 methods."
"Message",Low,"Scanning 66 methods."
"Message",Low,"Scanning 99 methods."
"Message",Low,"Scanning 67 methods."
"Message",Low,"Scanning 82 methods."
"Message",Low,"Scanning 103 methods."
"Message",Low,"Scanning 45 methods."
"Message",Low,"Scanning 6 methods."
"Message",Low,"Scanning 5 methods."
"Message",Low,"Scanning 3 methods."
"Message",Low,"Scanning 3 methods."
"Message",Low,"Scanning 6 methods."
"Message",Low,"Scanning 3 methods."
"Message",Low,"Eager code generation"
"Message",Low,"Compiling 13223 methods."
"Message",Low,"Deferred code generation"
"Message",Low,"Successfully generated 'W:\Workspace\RiderProjects\Invaders\Invaders.Uwp\obj\x86\Release\ilc\intermediate\MDIL\Invaders.Uwp.mdilexe'"
"Message",Low,"Successfully generated 'W:\Workspace\RiderProjects\Invaders\Invaders.Uwp\obj\x86\Release\ilc\intermediate\MDIL\Invaders.Uwp.mdilpdb'"
"Message",Normal,"'C:\Program Files (x86)\Microsoft SDKs\UWPNuGetPackages\microsoft.net.native.compiler\1.7.3\tools\x86\ilc\Tools\nutc_driver.exe @""W:\Workspace\RiderProjects\Invaders\Invaders.Uwp\obj\x86\Release\ilc\intermediate\MDIL\Invaders.Uwp.rsp""' completed."
"Message",Normal,"Process execution statistics (all times in milliseconds)"
"Message",Normal,"-----------------------------------------------------------------------------"
"Message",Normal,"launch  |  start   |   stop   |   end    | duration | lifetime | [slot] name"
"Message",Normal,"-----------------------------------------------------------------------------"
"Message",Normal,"       0 |      109 |    10234 |    10234 |    10125 |    10234 | [0] Nutc GlobalAnalysis"
"Message",Normal,"Number of commands:      1"
"Message",Normal,"Total system time:       10234 ms"
"Message",Normal,"System time per command: 10234 ms"
"Message",Normal,"Total duration:          10125 ms"
"Message",Normal,"Total lifetime:          10234 ms"
"Message",Normal,"Requested DOP:           4"
"Message",Normal,"Duration DOP:            1.0"
"Message",Normal,"Lifetime DOP:            1.0"
"Message",Low,"Done executing task ""GenerateMDILGlobalAnalysis""."
"Message",Low,"Done building target ""GenerateMDILGlobalAnalysis"" in file ""Nutc""."
"Message",Low,""
"Message",Low,"Task ""rc"""
"Message",Normal,"Launching 'C:\Program Files (x86)\Windows Kits\10\bin\10.0.17134.0\x64\rc.exe /c ""65001"" /r /fo ""W:\Workspace\RiderProjects\Invaders\Invaders.Uwp\obj\x86\Release\ilc\intermediate\BuildInfo\BuildInfo.res"" ""W:\Workspace\RiderProjects\Invaders\Invaders.Uwp\obj\x86\Release\ilc\intermediate\BuildInfo\BuildInfo.rc""'"
"Message",Low,"Microsoft (R) Windows (R) Resource Compiler Version 10.0.10011.16384"
"Message",Low,"Copyright (C) Microsoft Corporation.  All rights reserved."
"Message",Normal,"'C:\Program Files (x86)\Windows Kits\10\bin\10.0.17134.0\x64\rc.exe /c ""65001"" /r /fo ""W:\Workspace\RiderProjects\Invaders\Invaders.Uwp\obj\x86\Release\ilc\intermediate\BuildInfo\BuildInfo.res"" ""W:\Workspace\RiderProjects\Invaders\Invaders.Uwp\obj\x86\Release\ilc\intermediate\BuildInfo\BuildInfo.rc""' completed."
"Message",Normal,"Process execution statistics (all times in milliseconds)"
"Message",Normal,"-----------------------------------------------------------------------------"
"Message",Normal,"launch  |  start   |   stop   |   end    | duration | lifetime | [slot] name"
"Message",Normal,"-----------------------------------------------------------------------------"
"Message",Normal,"       0 |       32 |      141 |      141 |      109 |      141 | [0] rc"
"Message",Normal,"Number of commands:      1"
"Message",Normal,"Total system time:       141 ms"
"Message",Normal,"System time per command: 141 ms"
"Message",Normal,"Total duration:          109 ms"
"Message",Normal,"Total lifetime:          141 ms"
"Message",Normal,"Requested DOP:           4"
"Message",Normal,"Duration DOP:            0.8"
"Message",Normal,"Lifetime DOP:            1.0"
"Message",Low,"Done executing task ""rc""."
"Message",Low,"Task ""ResourceBinaryConcatenate"""
"Message",Normal,"Concatenating into 'W:\Workspace\RiderProjects\Invaders\Invaders.Uwp\obj\x86\Release\ilc\intermediate\Native.res' with alignment '4'."
"Message",Normal," Added 'W:\Workspace\RiderProjects\Invaders\Invaders.Uwp\obj\x86\Release\ilc\intermediate\ILTransformed\Invaders.Uwp.res' at offset 0."
"Message",Normal," Added 'W:\Workspace\RiderProjects\Invaders\Invaders.Uwp\obj\x86\Release\ilc\intermediate\BuildInfo\BuildInfo.res' at offset 1416."
"Message",Low,"Done executing task ""ResourceBinaryConcatenate""."
"Message",Low,"Done building target ""GenerateBuildInfo"" in file ""Nutc""."
"Message",Low,"Done building project ""Nutc""."
"Message",Low,""
"Message",Low,""
"Message",Low,"Done building target ""MDILBindPrepare"" in file ""Binder""."
"Message",Low,""
"Message",High,"Generating fixups for native code"
"Message",Low,"Task ""MDILBind"""
"Message",Normal,"Launching 'C:\Program Files (x86)\Microsoft SDKs\UWPNuGetPackages\microsoft.net.native.compiler\1.7.3\tools\x86\ilc\Tools\rhbind.exe @""W:\Workspace\RiderProjects\Invaders\Invaders.Uwp\obj\x86\Release\ilc\intermediate\rhbindargs.Invaders.Uwp.rsp""'"
"Message",Low,"OS VERSION: major: 6  minor: 2"
"Message",Low,"MDIL: W:\Workspace\RiderProjects\Invaders\Invaders.Uwp\obj\x86\Release\ilc\intermediate\MDIL\Invaders.Uwp.mdilexe"
"Message",Low,"MDILPDB: W:\Workspace\RiderProjects\Invaders\Invaders.Uwp\obj\x86\Release\ilc\intermediate\MDIL\Invaders.Uwp.mdilpdb"
"Message",Low,"IL: W:\Workspace\RiderProjects\Invaders\Invaders.Uwp\obj\x86\Release\ilc\intermediate\MDIL\Invaders.Uwp.ilexe"
"Message",Low,"NI: W:\Workspace\RiderProjects\Invaders\Invaders.Uwp\obj\x86\Release\ilc\intermediate\Native\Invaders.Uwp.dll"
"Message",Low,"SHIM: W:\Workspace\RiderProjects\Invaders\Invaders.Uwp\obj\x86\Release\ilc\intermediate\Native\Invaders.Uwp.exe"
"Message",Low,"REDHAWK_RUNTIME_DLL_NAME_A=mrt100_app.dll"
"Message",Low,"pdb: W:\Workspace\RiderProjects\Invaders\Invaders.Uwp\obj\x86\Release\ilc\intermediate\Native\Invaders.Uwp.pdb"
"Message",Low,"Produced W:\Workspace\RiderProjects\Invaders\Invaders.Uwp\obj\x86\Release\ilc\intermediate\Native\Invaders.Uwp.dll in 0.651 seconds"
"Message",Normal,"'C:\Program Files (x86)\Microsoft SDKs\UWPNuGetPackages\microsoft.net.native.compiler\1.7.3\tools\x86\ilc\Tools\rhbind.exe @""W:\Workspace\RiderProjects\Invaders\Invaders.Uwp\obj\x86\Release\ilc\intermediate\rhbindargs.Invaders.Uwp.rsp""' completed."
"Message",Normal,"Process execution statistics (all times in milliseconds)"
"Message",Normal,"-----------------------------------------------------------------------------"
"Message",Normal,"launch  |  start   |   stop   |   end    | duration | lifetime | [slot] name"
"Message",Normal,"-----------------------------------------------------------------------------"
"Message",Normal,"       0 |       31 |      796 |      796 |      765 |      796 | [0] rhbind Invaders.Uwp"
"Message",Normal,"Number of commands:      1"
"Message",Normal,"Total system time:       796 ms"
"Message",Normal,"System time per command: 796 ms"
"Message",Normal,"Total duration:          765 ms"
"Message",Normal,"Total lifetime:          796 ms"
"Message",Normal,"Requested DOP:           4"
"Message",Normal,"Duration DOP:            1.0"
"Message",Normal,"Lifetime DOP:            1.0"
"Message",Low,"Done executing task ""MDILBind""."
"Message",Low,"Done building target ""MDILBind"" in file ""Binder""."
"Message",Low,"Done building project ""Binder""."
"Message",Low,""
"Message",Low,""
"Message",Low,"Done building target ""CopyNativeExecutablesToOutput"" in file ""Deployment""."
"Message",Low,""
"Message",Low,"Task ""TransformAppxManifest"""
"Message",Low,"Done executing task ""TransformAppxManifest""."
"Message",Low,"Done building target ""TransformAppxManifestAndAddCrt"" in file ""Deployment""."
"Message",Low,""
"Message",Low,"Done building target ""CopyPackageResourceFileInRetailBuild"" in file ""Deployment""."
"Message",Low,"Done building project ""Deployment""."
"Message",Low,"Compilation finished"
